"","GOBPID","Pvalue","OddsRatio","ExpCount","Count","Size","Term"
"1","GO:0006334",2.13439892081574e-15,92.1986607142857,0.351837372947615,11,75,"nucleosome assembly"
"2","GO:0031497",6.93850674716255e-15,81.7797619047619,0.389366692728694,11,83,"chromatin assembly"
"3","GO:0034728",1.76710797575605e-14,74.3942133815551,0.422204847537138,11,90,"nucleosome organization"
"4","GO:0065004",7.41297291667303e-14,64.3767660910518,0.478498827208757,11,102,"protein-DNA complex assembly"
"5","GO:0006333",8.28509121774629e-14,63.6599378881988,0.483189992181392,11,103,"chromatin assembly or disassembly"
"6","GO:0006323",3.51844709759957e-13,55.044474393531,0.54886630179828,11,117,"DNA packaging"
"7","GO:0071824",3.87348713131522e-13,54.5153538050734,0.553557466770915,11,118,"protein-DNA complex subunit organization"
"8","GO:0071103",2.6423469405403e-12,44.9501661129568,0.656763096168882,11,140,"DNA conformation change"
"9","GO:0034622",1.94667150513887e-08,18.0406162464986,1.48709929632525,11,317,"cellular protein-containing complex assembly"
"10","GO:0006325",3.27841562567046e-08,17.0661047027507,1.56215793588741,11,333,"chromatin organization"
"11","GO:0065003",6.15721302999272e-07,12.385049833887,2.06880375293198,11,441,"protein-containing complex assembly"
"12","GO:0051276",2.41462989540836e-06,10.6015647638366,2.36434714620798,11,504,"chromosome organization"
"13","GO:0045653",4.78643822376527e-06,152.56,0.037529319781079,3,8,"negative regulation of megakaryocyte differentiation"
"14","GO:0043933",9.43242454361369e-06,9.03154972236244,2.70680218921032,11,577,"protein-containing complex subunit organization"
"15","GO:0045652",2.40884518847229e-05,76.18,0.0609851446442533,3,13,"regulation of megakaryocyte differentiation"
"16","GO:0006310",3.05583606930238e-05,18.2083739045764,0.394057857701329,5,84,"DNA recombination"
"17","GO:0022607",5.34203757960678e-05,7.29309981008652,3.22752150117279,11,688,"cellular component assembly"
"18","GO:0034080",9.40617315633536e-05,44.7294117647059,0.0938232994526974,3,20,"CENP-A containing nucleosome assembly"
"19","GO:0061641",9.40617315633536e-05,44.7294117647059,0.0938232994526974,3,20,"CENP-A containing chromatin organization"
"20","GO:0006336",9.40617315633536e-05,44.7294117647059,0.0938232994526974,3,20,"DNA replication-independent nucleosome assembly"
"21","GO:0034724",9.40617315633536e-05,44.7294117647059,0.0938232994526974,3,20,"DNA replication-independent nucleosome organization"
"22","GO:0030219",9.40617315633536e-05,44.7294117647059,0.0938232994526974,3,20,"megakaryocyte differentiation"
"23","GO:0032200",0.000126321116377002,40,0.103205629397967,3,22,"telomere organization"
"24","GO:0000723",0.000126321116377002,40,0.103205629397967,3,22,"telomere maintenance"
"25","GO:0031055",0.000126321116377002,40,0.103205629397967,3,22,"chromatin remodeling at centromere"
"26","GO:0044085",0.000163695356963691,6.30427446569179,3.62627052384676,11,773,"cellular component biogenesis"
"27","GO:0043486",0.000165048970012044,36.1714285714286,0.112587959343237,3,24,"histone exchange"
"28","GO:0006259",0.000195748248210163,7.13558441558442,1.8436278342455,8,393,"DNA metabolic process"
"29","GO:0060062",0.000206168683695697,159,0.0234558248631744,2,5,"Spemann organizer formation at the dorsal lip of the blastopore"
"30","GO:0043044",0.000293621858735869,29.1769230769231,0.136043784206411,3,29,"ATP-dependent chromatin remodeling"
"31","GO:0034508",0.000293621858735869,29.1769230769231,0.136043784206411,3,29,"centromere complex assembly"
"32","GO:0045638",0.000951696263284514,18.895,0.201720093823299,3,43,"negative regulation of myeloid cell differentiation"
"33","GO:1900107",0.00111515126995271,52.9166666666667,0.0516028146989836,2,11,"regulation of nodal signaling pathway"
"34","GO:0060061",0.00133446470098482,47.6125,0.0562939796716184,2,12,"Spemann organizer formation"
"35","GO:0051298",0.00156862886357087,15.7125,0.239249413604378,3,51,"centrosome duplication"
"36","GO:0006281",0.00227945146887776,6.74570575056012,0.989835809225958,5,211,"DNA repair"
"37","GO:0038092",0.00239946575174378,33.9732142857143,0.0750586395621579,2,16,"nodal signaling pathway"
"38","GO:1903707",0.00302064933950608,12.3213114754098,0.300234558248632,3,64,"negative regulation of hemopoiesis"
"39","GO:0007098",0.00374315676881749,11.3727272727273,0.323690383111806,3,69,"centrosome cycle"
"40","GO:0048015",0.00374315676881749,11.3727272727273,0.323690383111806,3,69,"phosphatidylinositol-mediated signaling"
"41","GO:0048017",0.00389928241260722,11.2,0.328381548084441,3,70,"inositol lipid-mediated signaling"
"42","GO:0006996",0.00420959982595003,3.91420736484722,5.18373729476153,11,1105,"organelle organization"
"43","GO:0060249",0.00422342148305955,10.8695652173913,0.337763878029711,3,72,"anatomical structure homeostasis"
"44","GO:0031023",0.00422342148305955,10.8695652173913,0.337763878029711,3,72,"microtubule organizing center organization"
"45","GO:0006338",0.0045636206202737,10.5577464788732,0.34714620797498,3,74,"chromatin remodeling"
"46","GO:0016458",0.00492012322089255,10.2630136986301,0.35652853792025,3,76,"gene silencing"
"47","GO:0060968",0.00496145479830781,22.6071428571429,0.107896794370602,2,23,"regulation of gene silencing"
"48","GO:0045637",0.00548595578275889,9.85,0.370602032838155,3,79,"regulation of myeloid cell differentiation"
"49","GO:0032925",0.0058505774741719,20.6304347826087,0.117279124315872,2,25,"regulation of activin receptor signaling pathway"
"50","GO:0050896",0.00603559039152468,4.63907117617365,9.3635652853792,15,1996,"response to stimulus"
"51","GO:0001707",0.00651371515331533,9.22962962962963,0.394057857701329,3,84,"mesoderm formation"
"52","GO:0006139",0.0073713417280285,4.4811320754717,9.51837372947615,15,2029,"nucleobase-containing compound metabolic process"
"53","GO:0046483",0.00810782479393188,4.4064039408867,9.59343236903831,15,2045,"heterocycle metabolic process"
"54","GO:0048332",0.00813573144090626,8.47954545454546,0.426896012509773,3,91,"mesoderm morphogenesis"
"55","GO:0032924",0.00836647674138374,16.9241071428571,0.140734949179046,2,30,"activin receptor signaling pathway"
"56","GO:0006725",0.00849971635826233,4.36947988223749,9.63096168881939,15,2053,"cellular aromatic compound metabolic process"
"57","GO:0051716",0.00930891881974292,3.605875,7.56684910086005,13,1613,"cellular response to stimulus"
"58","GO:0046058",0.00936154011092782,224.588235294118,0.00938232994526974,1,2,"cAMP metabolic process"
"59","GO:0009214",0.00936154011092782,224.588235294118,0.00938232994526974,1,2,"cyclic nucleotide catabolic process"
"60","GO:0006198",0.00936154011092782,224.588235294118,0.00938232994526974,1,2,"cAMP catabolic process"
"61","GO:1901360",0.00960850249284622,4.273919378339,9.72947615324472,15,2074,"organic cyclic compound metabolic process"
"62","GO:0002683",0.00970133145815493,7.92553191489362,0.455043002345582,3,97,"negative regulation of immune system process"
"63","GO:0001704",0.0126818250822063,7.14423076923077,0.501954652071931,3,107,"formation of primary germ layer"
"64","GO:1903706",0.0136683949521533,6.93831775700935,0.516028146989836,3,110,"regulation of hemopoiesis"
"65","GO:0009187",0.0140112121521282,112.264705882353,0.0140734949179046,1,3,"cyclic nucleotide metabolic process"
"66","GO:0033629",0.0140112121521282,112.264705882353,0.0140734949179046,1,3,"negative regulation of cell adhesion mediated by integrin"
"67","GO:0098795",0.0140112121521282,112.264705882353,0.0140734949179046,1,3,"mRNA cleavage involved in gene silencing"
"68","GO:0035279",0.0140112121521282,112.264705882353,0.0140734949179046,1,3,"mRNA cleavage involved in gene silencing by miRNA"
"69","GO:0090304",0.0147919753230241,3.53870458135861,8.97419859265051,14,1913,"nucleic acid metabolic process"
"70","GO:0034641",0.0179200612226175,3.79548595117457,10.2548866301798,15,2186,"cellular nitrogen compound metabolic process"
"71","GO:0072523",0.0186402674941367,74.8235294117647,0.0187646598905395,1,4,"purine-containing compound catabolic process"
"72","GO:0009154",0.0186402674941367,74.8235294117647,0.0187646598905395,1,4,"purine ribonucleotide catabolic process"
"73","GO:0006195",0.0186402674941367,74.8235294117647,0.0187646598905395,1,4,"purine nucleotide catabolic process"
"74","GO:0031128",0.0190436617532716,10.7244318181818,0.215793588741204,2,46,"developmental induction"
"75","GO:0007498",0.020933268761237,5.86190476190476,0.605160281469898,3,129,"mesoderm development"
"76","GO:0006974",0.0229150747692658,3.69551282051282,1.71227521501173,5,365,"cellular response to DNA damage stimulus"
"77","GO:0050995",0.0232487921967472,56.1029411764706,0.0234558248631744,1,5,"negative regulation of lipid catabolic process"
"78","GO:0009261",0.0232487921967472,56.1029411764706,0.0234558248631744,1,5,"ribonucleotide catabolic process"
"79","GO:0030099",0.0279312048679352,5.21702127659574,0.675527756059421,3,144,"myeloid cell differentiation"
"80","GO:0048320",0.0324045922398122,37.3823529411765,0.0328381548084441,1,7,"axial mesoderm formation"
"81","GO:0043951",0.0324045922398122,37.3823529411765,0.0328381548084441,1,7,"negative regulation of cAMP-mediated signaling"
"82","GO:0050994",0.0369520380204086,32.0336134453782,0.037529319781079,1,8,"regulation of lipid catabolic process"
"83","GO:0043949",0.0369520380204086,32.0336134453782,0.037529319781079,1,8,"regulation of cAMP-mediated signaling"
"84","GO:0046676",0.0414792940443394,28.0220588235294,0.0422204847537138,1,9,"negative regulation of insulin secretion"
"85","GO:0090278",0.0414792940443394,28.0220588235294,0.0422204847537138,1,9,"negative regulation of peptide hormone secretion"
"86","GO:0051320",0.044883318173617,6.59859154929577,0.342455043002346,2,73,"S phase"
"87","GO:0046888",0.0459864446993031,24.9019607843137,0.0469116497263487,1,10,"negative regulation of hormone secretion"
"88","GO:0033628",0.0459864446993031,24.9019607843137,0.0469116497263487,1,10,"regulation of cell adhesion mediated by integrin"
"89","GO:0048319",0.0504735740422382,22.4058823529412,0.0516028146989836,1,11,"axial mesoderm morphogenesis"
"90","GO:0016525",0.0504735740422382,22.4058823529412,0.0516028146989836,1,11,"negative regulation of angiogenesis"
"91","GO:0007596",0.0541791659341236,3.95108695652174,0.877247849882721,3,187,"blood coagulation"
"92","GO:0007599",0.0556186679583624,3.90645161290323,0.886630179827991,3,189,"hemostasis"
"93","GO:0050817",0.0556186679583624,3.90645161290323,0.886630179827991,3,189,"coagulation"
"94","GO:0051093",0.0559518139119596,3.18926296633303,1.49179046129789,4,318,"negative regulation of developmental process"
"95","GO:0007369",0.0578133091702958,3.84126984126984,0.900703674745895,3,192,"gastrulation"
"96","GO:2000181",0.0593881033732375,18.6617647058824,0.0609851446442533,1,13,"negative regulation of blood vessel morphogenesis"
"97","GO:0033627",0.0593881033732375,18.6617647058824,0.0609851446442533,1,13,"cell adhesion mediated by integrin"
"98","GO:0042592",0.0655542693390076,3.01078981441519,1.57154026583268,4,335,"homeostatic process"
"99","GO:0006950",0.0660077175293255,2.31755102040816,4.63487099296325,8,988,"response to stress"
"100","GO:0048318",0.0682235479235492,15.9873949579832,0.0703674745895231,1,15,"axial mesoderm development"
"101","GO:0006379",0.0682235479235492,15.9873949579832,0.0703674745895231,1,15,"mRNA cleavage"
"102","GO:0051241",0.0691468660459849,2.9520983467571,1.59968725566849,4,341,"negative regulation of multicellular organismal process"
"103","GO:0051325",0.0704678692279038,5.06385869565217,0.440969507427678,2,94,"interphase"
"104","GO:1901343",0.076980568364272,13.9816176470588,0.0797498045347928,1,17,"negative regulation of vasculature development"
"105","GO:0050878",0.080285329710618,3.31981566820276,1.03205629397967,3,220,"regulation of body fluid levels"
"106","GO:0050709",0.0856598201895304,12.421568627451,0.0891321344800625,1,19,"negative regulation of protein secretion"
"107","GO:0002792",0.0856598201895304,12.421568627451,0.0891321344800625,1,19,"negative regulation of peptide secretion"
"108","GO:0090501",0.0856598201895304,12.421568627451,0.0891321344800625,1,19,"RNA phosphodiester bond hydrolysis"
"109","GO:0065008",0.093289449323251,2.16348973607038,4.10476935105551,7,875,"regulation of biological quality"
"110","GO:0035195",0.0942619537543573,11.1735294117647,0.0985144644253323,1,21,"gene silencing by miRNA"
"111","GO:0016055",0.0974738934138759,3.0364406779661,1.12118842845973,3,239,"Wnt signaling pathway"
"112","GO:0198738",0.0984194548129821,3.02278481012658,1.12587959343237,3,240,"cell-cell signaling by wnt"
"113","GO:1905114",0.102241219414054,2.96929460580913,1.14464425332291,3,244,"cell surface receptor signaling pathway involved in cell-cell signaling"
"114","GO:0033554",0.10968513757935,2.26195426195426,2.62705238467553,5,560,"cellular response to stress"
"115","GO:0042060",0.114076089673519,2.81897233201581,1.20093823299453,3,256,"wound healing"
"116","GO:0019933",0.115434117300271,8.92705882352941,0.121970289288507,1,26,"cAMP-mediated signaling"
"117","GO:1903531",0.115434117300271,8.92705882352941,0.121970289288507,1,26,"negative regulation of secretion by cell"
"118","GO:1901136",0.115434117300271,8.92705882352941,0.121970289288507,1,26,"carbohydrate derivative catabolic process"
"119","GO:0090092",0.116330089034891,3.72479838709677,0.591086786551994,2,126,"regulation of transmembrane receptor protein serine/threonine kinase signaling pathway"
"120","GO:0000226",0.119165419505158,2.76046511627907,1.2243940578577,3,261,"microtubule cytoskeleton organization"
"121","GO:0016043",0.11924157705247,1.96289752650177,8.01720093823299,11,1709,"cellular component organization"
"122","GO:0019935",0.119612072138527,8.5814479638009,0.126661454261142,1,27,"cyclic-nucleotide-mediated signaling"
"123","GO:0045833",0.119612072138527,8.5814479638009,0.126661454261142,1,27,"negative regulation of lipid metabolic process"
"124","GO:0051224",0.119612072138527,8.5814479638009,0.126661454261142,1,27,"negative regulation of protein transport"
"125","GO:1904950",0.119612072138527,8.5814479638009,0.126661454261142,1,27,"negative regulation of establishment of protein localization"
"126","GO:0002682",0.122262161985533,2.7264367816092,1.23846755277561,3,264,"regulation of immune system process"
"127","GO:0045596",0.123301485539415,2.71526717557252,1.24315871774824,3,265,"negative regulation of cell differentiation"
"128","GO:0016441",0.123771385183542,8.26143790849673,0.131352619233776,1,28,"posttranscriptional gene silencing"
"129","GO:0009166",0.123771385183542,8.26143790849673,0.131352619233776,1,28,"nucleotide catabolic process"
"130","GO:0035194",0.123771385183542,8.26143790849673,0.131352619233776,1,28,"posttranscriptional gene silencing by RNA"
"131","GO:0030097",0.127493645808627,2.67142857142857,1.26192337763878,3,269,"hemopoiesis"
"132","GO:0051048",0.127912134741614,7.96428571428571,0.136043784206411,1,29,"negative regulation of secretion"
"133","GO:1901292",0.136138255080986,7.42941176470588,0.145426114151681,1,31,"nucleoside phosphate catabolic process"
"134","GO:0031047",0.140223780937146,7.18785578747628,0.150117279124316,1,32,"gene silencing by RNA"
"135","GO:0071840",0.143307958855817,1.86180124223602,8.25175918686474,11,1759,"cellular component organization or biogenesis"
"136","GO:0044260",0.146427764633769,2.05317823016203,11.357310398749,14,2421,"cellular macromolecule metabolic process"
"137","GO:0009611",0.148134009002679,2.48,1.35105551211884,3,288,"response to wounding"
"138","GO:0031018",0.14834014941989,6.74866310160428,0.159499609069586,1,34,"endocrine pancreas development"
"139","GO:0048534",0.154887380120858,2.42474226804124,1.37920250195465,3,294,"hematopoietic or lymphoid organ development"
"140","GO:0016042",0.156384117252418,6.35966386554622,0.168881939014855,1,36,"lipid catabolic process"
"141","GO:0007017",0.164055232952912,2.35451505016722,1.41673182173573,3,302,"microtubule-based process"
"142","GO:0002520",0.165213885742089,2.346,1.42142298670837,3,303,"immune system development"
"143","GO:0043487",0.168315646834523,5.85294117647059,0.18295543393276,1,39,"regulation of RNA stability"
"144","GO:0043488",0.168315646834523,5.85294117647059,0.18295543393276,1,39,"regulation of mRNA stability"
"145","GO:0007267",0.170268438503118,2.05579399141631,2.20484753713839,4,470,"cell-cell signaling"
"146","GO:0046434",0.172257278840047,5.70135746606335,0.187646598905395,1,40,"organophosphate catabolic process"
"147","GO:0033500",0.176181263296428,5.55735294117647,0.19233776387803,1,41,"carbohydrate homeostasis"
"148","GO:0042593",0.176181263296428,5.55735294117647,0.19233776387803,1,41,"glucose homeostasis"
"149","GO:0007178",0.179811566995477,2.80368098159509,0.774042220484754,2,165,"transmembrane receptor protein serine/threonine kinase signaling pathway"
"150","GO:0061013",0.183976586802831,5.28991596638655,0.201720093823299,1,43,"regulation of mRNA catabolic process"
"151","GO:0022403",0.195229836703903,2.65043604651163,0.816262705238468,2,174,"cell cycle phase"
"152","GO:0009894",0.196955690722889,2.63439306358381,0.820953870211102,2,175,"regulation of catabolic process"
"153","GO:0034404",0.203161234443189,4.72090112640801,0.225175918686474,1,48,"nucleobase-containing small molecule biosynthetic process"
"154","GO:0019932",0.206946691761749,4.62132352941176,0.229867083659109,1,49,"second-messenger-mediated signaling"
"155","GO:0050796",0.214466712408887,4.43411764705882,0.239249413604378,1,51,"regulation of insulin secretion"
"156","GO:0001702",0.214466712408887,4.43411764705882,0.239249413604378,1,51,"gastrulation with mouth forming second"
"157","GO:0044848",0.221338136476108,2.42780748663102,0.886630179827991,2,189,"biological phase"
"158","GO:0090305",0.221919351491564,4.26131221719457,0.248631743549648,1,53,"nucleic acid phosphodiester bond hydrolysis"
"159","GO:0048646",0.22709851334164,1.800600928708,2.47224394057858,4,527,"anatomical structure formation involved in morphogenesis"
"160","GO:0090276",0.229305177552784,4.10130718954248,0.258014073494918,1,55,"regulation of peptide hormone secretion"
"161","GO:0007162",0.23297321213873,4.02566844919786,0.262705238467553,1,56,"negative regulation of cell adhesion"
"162","GO:0045765",0.240259874851842,3.88235294117647,0.272087568412823,1,58,"regulation of angiogenesis"
"163","GO:0030073",0.240259874851842,3.88235294117647,0.272087568412823,1,58,"insulin secretion"
"164","GO:0007165",0.241232258796096,1.55740740740741,6.11727912431587,8,1304,"signal transduction"
"165","GO:0006807",0.242325318711125,1.85145317545748,13.1446442533229,15,2802,"nitrogen compound metabolic process"
"166","GO:0046883",0.25106739574114,3.68529411764706,0.286161063330727,1,61,"regulation of hormone secretion"
"167","GO:0030072",0.254637519384323,3.62391513982642,0.290852228303362,1,62,"peptide hormone secretion"
"168","GO:1901342",0.265251698417257,3.45128676470588,0.304925723221267,1,65,"regulation of vasculature development"
"169","GO:0031016",0.272248336083329,3.34491978609626,0.314308053166536,1,67,"pancreas development"
"170","GO:2000026",0.274480654967027,1.63869992441421,2.67865519937451,4,571,"regulation of multicellular organismal development"
"171","GO:0051051",0.286053272780221,3.15042016806723,0.333072713057076,1,71,"negative regulation of transport"
"172","GO:0009895",0.289465657562471,3.10521955260978,0.337763878029711,1,72,"negative regulation of catabolic process"
"173","GO:0044238",0.295664623184154,1.695301542777,13.4495699765442,15,2867,"primary metabolic process"
"174","GO:0040029",0.302961771880387,2.93647058823529,0.35652853792025,1,76,"regulation of gene expression, epigenetic"
"175","GO:0046879",0.302961771880387,2.93647058823529,0.35652853792025,1,76,"hormone secretion"
"176","GO:0009914",0.302961771880387,2.93647058823529,0.35652853792025,1,76,"hormone transport"
"177","GO:0044237",0.308030459663597,1.6625959525471,13.5152462861611,15,2881,"cellular metabolic process"
"178","GO:0023052",0.31791342036068,1.3948275862069,6.56763096168882,8,1400,"signaling"
"179","GO:0007166",0.317924668179185,1.45835344078757,3.76231430805317,5,802,"cell surface receptor signaling pathway"
"180","GO:0048729",0.323834628661573,1.60141509433962,2.00312744331509,3,427,"tissue morphogenesis"
"181","GO:0019216",0.329231009262203,2.64776754075124,0.394057857701329,1,84,"regulation of lipid metabolic process"
"182","GO:0050708",0.329231009262203,2.64776754075124,0.394057857701329,1,84,"regulation of protein secretion"
"183","GO:0007167",0.330585303058912,1.58041958041958,2.02658326817826,3,432,"enzyme linked receptor protein signaling pathway"
"184","GO:0008286",0.332448126723774,2.61554621848739,0.398749022673964,1,85,"insulin receptor signaling pathway"
"185","GO:0043170",0.336662483339041,1.49308927904371,12.6239249413604,14,2691,"macromolecule metabolic process"
"186","GO:0007154",0.337438228272245,1.3591519434629,6.67552775605942,8,1423,"cell communication"
"187","GO:0048598",0.340048587193218,1.55183486238532,2.05942142298671,3,439,"embryonic morphogenesis"
"188","GO:0009987",0.34121665473622,Inf,16.9585613760751,18,3615,"cellular process"
"189","GO:0007368",0.342012268615407,2.52332657200811,0.412822517591869,1,88,"determination of left/right symmetry"
"190","GO:0002791",0.342012268615407,2.52332657200811,0.412822517591869,1,88,"regulation of peptide secretion"
"191","GO:0071704",0.342154688006282,1.57767826386497,13.6888193901486,15,2918,"organic substance metabolic process"
"192","GO:0034655",0.343789054072235,1.73974609375,1.2103205629398,2,258,"nucleobase-containing compound catabolic process"
"193","GO:0035270",0.348316306460181,2.46530072703239,0.422204847537138,1,90,"endocrine system development"
"194","GO:0044270",0.349077694000894,1.71814671814672,1.2243940578577,2,261,"cellular nitrogen compound catabolic process"
"195","GO:0046700",0.349077694000894,1.71814671814672,1.2243940578577,2,261,"heterocycle catabolic process"
"196","GO:0009150",0.351446892658131,2.43725490196078,0.426896012509773,1,91,"purine ribonucleotide metabolic process"
"197","GO:0019439",0.352597815679121,1.70402298850575,1.23377638780297,2,263,"aromatic compound catabolic process"
"198","GO:1901361",0.357868997124344,1.68323863636364,1.24784988272088,2,266,"organic cyclic compound catabolic process"
"199","GO:0035556",0.358396319826477,1.41653666146646,3.02580140734949,4,645,"intracellular signal transduction"
"200","GO:0006163",0.360753650930817,2.35673624288425,0.440969507427678,1,94,"purine nucleotide metabolic process"
"201","GO:0009259",0.372966578103115,2.25712553062462,0.459734167318217,1,98,"ribonucleotide metabolic process"
"202","GO:0019693",0.384958903183065,2.16540477577169,0.478498827208757,1,102,"ribose phosphate metabolic process"
"203","GO:0032869",0.384958903183065,2.16540477577169,0.478498827208757,1,102,"cellular response to insulin stimulus"
"204","GO:1902532",0.387922956661701,2.14359861591696,0.483189992181392,1,103,"negative regulation of intracellular signal transduction"
"205","GO:0072521",0.393810637599781,2.1012443438914,0.492572322126661,1,105,"purine-containing compound metabolic process"
"206","GO:0009855",0.396734380505249,2.08067226890756,0.497263487099296,1,106,"determination of bilateral symmetry"
"207","GO:0009799",0.399644801612433,2.06048834628191,0.501954652071931,1,107,"specification of symmetry"
"208","GO:0007010",0.403575446588879,1.38136645962733,2.27990617670055,3,486,"cytoskeleton organization"
"209","GO:0032868",0.405425906779861,2.02124183006536,0.511336982017201,1,109,"response to insulin"
"210","GO:0009306",0.408296704440259,2.00215866162979,0.516028146989836,1,110,"protein secretion"
"211","GO:0002790",0.419649510289545,1.92920353982301,0.534792806880375,1,114,"peptide secretion"
"212","GO:0045595",0.421017665738573,1.33991935483871,2.3408913213448,3,499,"regulation of cell differentiation"
"213","GO:1903311",0.425248464029439,1.89462915601023,0.544175136825645,1,116,"regulation of mRNA metabolic process"
"214","GO:0023061",0.430796375167846,1.86123680241327,0.553557466770915,1,118,"signal release"
"215","GO:1903530",0.433551326834148,1.84496510468594,0.55824863174355,1,119,"regulation of secretion by cell"
"216","GO:1901653",0.439023494573672,1.81323529411765,0.567630961688819,1,121,"cellular response to peptide"
"217","GO:0071375",0.439023494573672,1.81323529411765,0.567630961688819,1,121,"cellular response to peptide hormone stimulus"
"218","GO:0050793",0.439428876458106,1.24894514767932,3.35418295543393,4,715,"regulation of developmental process"
"219","GO:0009117",0.441740818873369,1.79776373359261,0.572322126661454,1,122,"nucleotide metabolic process"
"220","GO:0010817",0.447138217262204,1.76757532281205,0.581704456606724,1,124,"regulation of hormone levels"
"221","GO:0006753",0.449818398271975,1.75284629981025,0.586395621579359,1,125,"nucleoside phosphate metabolic process"
"222","GO:0006357",0.452090769004218,1.22556390977444,3.40578577013292,4,726,"regulation of transcription by RNA polymerase II"
"223","GO:0051046",0.452486304745872,1.73835294117647,0.591086786551994,1,126,"regulation of secretion"
"224","GO:0051239",0.453239465855035,1.22347362181387,3.41047693510555,4,727,"regulation of multicellular organismal process"
"225","GO:0008152",0.453640502493661,1.33964143426295,14.2001563721658,15,3027,"metabolic process"
"226","GO:0051223",0.460416905100668,1.69623161764706,0.605160281469898,1,129,"regulation of protein transport"
"227","GO:0070201",0.465643563866124,1.66923076923077,0.614542611415168,1,131,"regulation of establishment of protein localization"
"228","GO:0090087",0.468238927020579,1.65603951504266,0.619233776387803,1,132,"regulation of peptide transport"
"229","GO:0044283",0.486075895876432,1.5690537084399,0.652071931196247,1,139,"small molecule biosynthetic process"
"230","GO:0031329",0.486075895876432,1.5690537084399,0.652071931196247,1,139,"regulation of cellular catabolic process"
"231","GO:0071417",0.496013171948542,1.52319801159901,0.670836591086787,1,143,"cellular response to organonitrogen compound"
"232","GO:0043434",0.498468982155615,1.51213492389963,0.675527756059421,1,144,"response to peptide hormone"
"233","GO:1901699",0.505768779505596,1.4798549556809,0.689601250977326,1,147,"cellular response to nitrogen compound"
"234","GO:0055086",0.505768779505596,1.4798549556809,0.689601250977326,1,147,"nucleobase-containing small molecule metabolic process"
"235","GO:1901652",0.512968149519095,1.4488748519542,0.703674745895231,1,150,"response to peptide"
"236","GO:0030111",0.512968149519095,1.4488748519542,0.703674745895231,1,150,"regulation of Wnt signaling pathway"
"237","GO:0032501",0.516066787099441,1.10044313146233,9.57466770914777,10,2041,"multicellular organismal process"
"238","GO:0000122",0.517420628552767,1.20104166666667,1.69820172009382,2,362,"negative regulation of transcription by RNA polymerase II"
"239","GO:0010608",0.529383409614967,1.38122171945701,0.736512900703675,1,157,"posttranscriptional regulation of gene expression"
"240","GO:0032880",0.529383409614967,1.38122171945701,0.736512900703675,1,157,"regulation of protein localization"
"241","GO:0022402",0.534974176158692,1.10787671232877,2.75371383893667,3,587,"cell cycle process"
"242","GO:0030155",0.54750358903675,1.3109756097561,0.774042220484754,1,165,"regulation of cell adhesion"
"243","GO:0050794",0.550951755474624,1.07487922705314,11.7091477716966,12,2496,"regulation of cellular process"
"244","GO:0002376",0.552178425936568,1.07725752508361,2.81939014855356,3,601,"immune system process"
"245","GO:0048878",0.560659121856225,1.26262975778547,0.802189210320563,1,171,"chemical homeostasis"
"246","GO:0001525",0.562816278377389,1.25490196078431,0.806880375293198,1,172,"angiogenesis"
"247","GO:0006366",0.578505064168292,1.01948051948052,3.94057857701329,4,840,"transcription by RNA polymerase II"
"248","GO:0045944",0.588101669961018,1.04503676470588,1.9233776387803,2,410,"positive regulation of transcription by RNA polymerase II"
"249","GO:0019637",0.599975738902545,1.12978524743231,0.891321344800626,1,190,"organophosphate metabolic process"
"250","GO:0006402",0.61360424430054,1.08733493397359,0.92415949960907,1,197,"mRNA catabolic process"
"251","GO:0051252",0.617194221212056,0.963218390804598,6.15011727912432,6,1311,"regulation of RNA metabolic process"
"252","GO:0006401",0.626793398566151,1.04781222833961,0.956997654417514,1,204,"RNA catabolic process"
"253","GO:0007275",0.640677558535466,0.939863325740319,8.27521501172791,8,1764,"multicellular organism development"
"254","GO:0010243",0.653638024886118,0.971667566109012,1.02736512900704,1,219,"response to organonitrogen compound"
"255","GO:0048513",0.655337141645828,0.912951889100299,5.33385457388585,5,1137,"animal organ development"
"256","GO:1901701",0.660482349353753,0.953100158982512,1.04612978889758,1,223,"cellular response to oxygen-containing compound"
"257","GO:0048514",0.662173361448837,0.948562384595094,1.05082095387021,1,224,"blood vessel morphogenesis"
"258","GO:0032940",0.662173361448837,0.948562384595094,1.05082095387021,1,224,"secretion by cell"
"259","GO:0048519",0.663491117090548,0.909611380985427,7.40734949179046,7,1579,"negative regulation of biological process"
"260","GO:0019219",0.66855777708823,0.899926686217009,6.42689601250977,6,1370,"regulation of nucleobase-containing compound metabolic process"
"261","GO:1901698",0.668858195522479,0.930811090956206,1.06958561376075,1,228,"response to nitrogen compound"
"262","GO:0048523",0.684366407392186,0.880694143167028,6.51602814698984,6,1389,"negative regulation of cellular process"
"263","GO:0009966",0.688359533272338,0.859361997226075,3.39640344018765,3,724,"regulation of signal transduction"
"264","GO:0016032",0.691284591760585,0.873321942885038,1.13526192337764,1,242,"viral process"
"265","GO:0009790",0.692293297343454,0.85351724137931,3.41516810007819,3,728,"embryo development"
"266","GO:0032870",0.697423748754337,0.858103241296519,1.15402658326818,1,246,"cellular response to hormone stimulus"
"267","GO:0046903",0.700449912614786,0.850678733031674,1.16340891321345,1,248,"secretion"
"268","GO:0050789",0.705210805827141,0.87792012057272,12.5066458170446,12,2666,"regulation of biological process"
"269","GO:1901135",0.713717379183354,0.818704044117647,1.20562939796716,1,257,"carbohydrate derivative metabolic process"
"270","GO:0048856",0.714564953731718,0.853246753246753,8.70680218921032,8,1856,"anatomical structure development"
"271","GO:1901565",0.718015127944919,0.808539632069044,1.21970289288507,1,260,"organonitrogen compound catabolic process"
"272","GO:0044403",0.718015127944919,0.808539632069044,1.21970289288507,1,260,"symbiont process"
"273","GO:0034654",0.724840201017125,0.831589958158996,6.75527756059421,6,1440,"nucleobase-containing compound biosynthetic process"
"274","GO:0001568",0.725042922288199,0.792112299465241,1.24315871774824,1,265,"blood vessel development"
"275","GO:0019438",0.727888231696713,0.8278859527121,6.77404222048475,6,1444,"aromatic compound biosynthetic process"
"276","GO:0018130",0.729405149431214,0.826041666666667,6.78342455043002,6,1446,"heterocycle biosynthetic process"
"277","GO:0006629",0.7305457119404,0.779411764705882,1.26192337763878,1,269,"lipid metabolic process"
"278","GO:1901575",0.731136736126671,0.782557034220532,2.47693510555121,2,528,"organic substance catabolic process"
"279","GO:0044248",0.731136736126671,0.782557034220532,2.47693510555121,2,528,"cellular catabolic process"
"280","GO:1903506",0.733136934972436,0.814442700156986,5.77013291634089,5,1230,"regulation of nucleic acid-templated transcription"
"281","GO:0006355",0.733136934972436,0.814442700156986,5.77013291634089,5,1230,"regulation of transcription, DNA-templated"
"282","GO:2001141",0.734686249076389,0.812488245251081,5.77951524628616,5,1232,"regulation of RNA biosynthetic process"
"283","GO:0009892",0.735528275266693,0.802164933770118,4.72400312744332,4,1007,"negative regulation of metabolic process"
"284","GO:1901362",0.73691826714312,0.816896551724138,6.83033620015637,6,1456,"organic cyclic compound biosynthetic process"
"285","GO:0045892",0.739259556483656,0.768960674157303,2.51446442533229,2,536,"negative regulation of transcription, DNA-templated"
"286","GO:1902679",0.739259556483656,0.768960674157303,2.51446442533229,2,536,"negative regulation of RNA biosynthetic process"
"287","GO:1903507",0.739259556483656,0.768960674157303,2.51446442533229,2,536,"negative regulation of nucleic acid-templated transcription"
"288","GO:0001944",0.743851185218259,0.749259415996614,1.30883502736513,1,279,"vasculature development"
"289","GO:0007049",0.743919409531999,0.77797695262484,3.67787333854574,3,784,"cell cycle"
"290","GO:0010646",0.743919409531999,0.77797695262484,3.67787333854574,3,784,"regulation of cell communication"
"291","GO:0007169",0.746436716830636,0.743487394957983,1.3182173573104,1,281,"transmembrane receptor protein tyrosine kinase signaling pathway"
"292","GO:0072358",0.74772022051372,0.740632195938874,1.32290852228303,1,282,"cardiovascular system development"
"293","GO:0023051",0.749068752223913,0.770520965692503,3.70602032838155,3,790,"regulation of signaling"
"294","GO:0009888",0.749919813593213,0.769289340101523,3.71071149335418,3,791,"tissue development"
"295","GO:0009653",0.751476340109679,0.780896522832007,4.81782642689601,4,1027,"anatomical structure morphogenesis"
"296","GO:0010629",0.766512961055476,0.74529702970297,3.80453479280688,3,811,"negative regulation of gene expression"
"297","GO:0032502",0.76743798003613,0.790421655387819,9.04925723221267,8,1929,"developmental process"
"298","GO:0009056",0.76985173632859,0.718418727915194,2.66458170445661,2,568,"catabolic process"
"299","GO:0080090",0.774308420831712,0.777407583690306,8.09695074276779,7,1726,"regulation of primary metabolic process"
"300","GO:0022610",0.77560150346533,0.680147058823529,1.43080531665364,1,305,"biological adhesion"
"301","GO:0007155",0.77560150346533,0.680147058823529,1.43080531665364,1,305,"cell adhesion"
"302","GO:0045893",0.778804178948167,0.703776041666667,2.71149335418296,2,578,"positive regulation of transcription, DNA-templated"
"303","GO:0022603",0.779015792015742,0.672925847863575,1.44487881157154,1,308,"regulation of anatomical structure morphogenesis"
"304","GO:1902680",0.780560780786226,0.70090830449827,2.72087568412823,2,580,"positive regulation of RNA biosynthetic process"
"305","GO:0051253",0.780560780786226,0.70090830449827,2.72087568412823,2,580,"negative regulation of RNA metabolic process"
"306","GO:1903508",0.780560780786226,0.70090830449827,2.72087568412823,2,580,"positive regulation of nucleic acid-templated transcription"
"307","GO:0007420",0.784597479857147,0.661199095022624,1.46833463643471,1,313,"brain development"
"308","GO:0009725",0.786792650497876,0.6566129636568,1.47771696637998,1,315,"response to hormone"
"309","GO:0051254",0.790022929375834,0.685483870967742,2.77247849882721,2,591,"positive regulation of RNA metabolic process"
"310","GO:2000113",0.791707441354625,0.682741116751269,2.78186082877248,2,593,"negative regulation of cellular macromolecule biosynthetic process"
"311","GO:0051049",0.793252086689689,0.643198529411765,1.50586395621579,1,321,"regulation of transport"
"312","GO:0065007",0.794065163515094,0.762386980108499,13.027365129007,12,2777,"biological regulation"
"313","GO:0010558",0.795043699366212,0.677310924369748,2.80062548866302,2,597,"negative regulation of macromolecule biosynthetic process"
"314","GO:0009968",0.795363840484074,0.638838143953233,1.51524628616106,1,323,"negative regulation of signal transduction"
"315","GO:0010468",0.797727277101741,0.741547464239272,7.24315871774824,6,1544,"regulation of gene expression"
"316","GO:0048583",0.798012140986306,0.699646643109541,3.99687255668491,3,852,"regulation of response to stimulus"
"317","GO:0060322",0.80157754326015,0.626076040172166,1.54339327599687,1,329,"head development"
"318","GO:0045934",0.807170857379886,0.657581967213115,2.87099296325254,2,612,"negative regulation of nucleobase-containing compound metabolic process"
"319","GO:0031327",0.807958073640573,0.656301145662848,2.87568412822518,2,613,"negative regulation of cellular biosynthetic process"
"320","GO:0009890",0.808742663038262,0.655024509803922,2.88037529319781,2,614,"negative regulation of biosynthetic process"
"321","GO:0023057",0.813474292893939,0.601903114186851,1.59968725566849,1,341,"negative regulation of signaling"
"322","GO:0010648",0.813474292893939,0.601903114186851,1.59968725566849,1,341,"negative regulation of cell communication"
"323","GO:0045935",0.814925470088988,0.644959677419355,2.91790461297889,2,622,"positive regulation of nucleobase-containing compound metabolic process"
"324","GO:2000112",0.816927433033083,0.70665218882158,6.33776387802971,5,1351,"regulation of cellular macromolecule biosynthetic process"
"325","GO:0010557",0.818705784289253,0.6388,2.94136043784206,2,627,"positive regulation of macromolecule biosynthetic process"
"326","GO:0032774",0.819951605617899,0.702613448727438,6.36121970289289,5,1356,"RNA biosynthetic process"
"327","GO:0097659",0.819951605617899,0.702613448727438,6.36121970289289,5,1356,"nucleic acid-templated transcription"
"328","GO:0006351",0.819951605617899,0.702613448727438,6.36121970289289,5,1356,"transcription, DNA-templated"
"329","GO:1901700",0.820099548672502,0.588574334632989,1.63252541047694,1,348,"response to oxygen-containing compound"
"330","GO:0010556",0.820552289448705,0.701809285389167,6.36591086786552,5,1357,"regulation of macromolecule biosynthetic process"
"331","GO:0031328",0.824622010183561,0.62914691943128,2.97888975762314,2,635,"positive regulation of cellular biosynthetic process"
"332","GO:0044419",0.825600825303777,0.577570404932511,1.66067240031274,1,354,"interspecies interaction between organisms"
"333","GO:0009891",0.827519835972405,0.624411302982732,2.99765441751368,2,639,"positive regulation of biosynthetic process"
"334","GO:0031326",0.832276580109972,0.685972191074232,6.45973416731822,5,1377,"regulation of cellular biosynthetic process"
"335","GO:0048585",0.833555691544263,0.561748456288593,1.70289288506646,1,363,"negative regulation of response to stimulus"
"336","GO:0009889",0.834555581487298,0.682860017889088,6.47849882720876,5,1381,"regulation of biosynthetic process"
"337","GO:0040007",0.846057269002957,0.537057263223592,1.77326035965598,1,378,"growth"
"338","GO:0010628",0.848659407994597,0.589633233532934,3.14308053166536,2,670,"positive regulation of gene expression"
"339","GO:0007389",0.85692069835559,0.515721378065293,1.83893666927287,1,392,"pattern specification process"
"340","GO:0007417",0.857668282515126,0.514255702280912,1.8436278342455,1,393,"central nervous system development"
"341","GO:0010605",0.859752278615439,0.607399577167019,4.45191555903049,3,949,"negative regulation of macromolecule metabolic process"
"342","GO:1902531",0.861351192680085,0.507038079715513,1.86708365910868,1,398,"regulation of intracellular signal transduction"
"343","GO:0044265",0.862076891584347,0.50561631687851,1.87177482408131,1,399,"cellular macromolecule catabolic process"
"344","GO:0044271",0.873846275699897,0.638640429338104,7.89523064894449,6,1683,"cellular nitrogen compound biosynthetic process"
"345","GO:0019222",0.878261183296726,0.640040106951872,8.96481626270524,7,1911,"regulation of metabolic process"
"346","GO:0008283",0.878698976801891,0.53894297635605,3.38232994526974,2,721,"cell proliferation"
"347","GO:0051171",0.879294562821747,0.630550621669627,7.95152462861611,6,1695,"regulation of nitrogen compound metabolic process"
"348","GO:0035239",0.889513363273666,0.451737967914438,2.06880375293198,1,441,"tube morphogenesis"
"349","GO:0009057",0.89009898148953,0.450580232092837,2.07349491790461,1,442,"macromolecule catabolic process"
"350","GO:0072359",0.891261434534886,0.448280440844509,2.08287724784988,1,444,"circulatory system development"
"351","GO:0071495",0.895239233379983,0.440392156862745,2.11571540265833,1,451,"cellular response to endogenous stimulus"
"352","GO:0016070",0.89978682766304,0.59867663981588,8.18139171227521,6,1744,"RNA metabolic process"
"353","GO:0044281",0.901213566240858,0.428480285823657,2.16731821735731,1,462,"small molecule metabolic process"
"354","GO:0051172",0.9017283797936,0.498204960835509,3.60281469898358,2,768,"negative regulation of nitrogen compound metabolic process"
"355","GO:0031323",0.90401049110522,0.591766723842196,8.2329945269742,6,1755,"regulation of cellular metabolic process"
"356","GO:0048731",0.904174701525572,0.579194427619624,7.17279124315872,5,1529,"system development"
"357","GO:0032879",0.918594855583998,0.393182625162741,2.33620015637217,1,498,"regulation of localization"
"358","GO:0016071",0.920336855611647,0.389573793589292,2.35496481626271,1,502,"mRNA metabolic process"
"359","GO:0031324",0.923436193366703,0.457164634146341,3.85613760750586,2,822,"negative regulation of cellular metabolic process"
"360","GO:0009719",0.9245391111561,0.380798894900426,2.40187646598905,1,512,"response to endogenous stimulus"
"361","GO:0060255",0.9250637051989,0.554972375690608,8.51915559030493,6,1816,"regulation of macromolecule metabolic process"
"362","GO:0015031",0.935573368608174,0.35718954248366,2.53792025019547,1,541,"protein transport"
"363","GO:0015833",0.936623464980632,0.354891127721807,2.55199374511337,1,544,"peptide transport"
"364","GO:0035295",0.937657381922073,0.352617970265029,2.56606724003127,1,547,"tube development"
"365","GO:0042886",0.937998466154718,0.351865792020647,2.57075840500391,1,548,"amide transport"
"366","GO:0045184",0.939677613653244,0.348145780051151,2.59421422986708,1,553,"establishment of protein localization"
"367","GO:0051173",0.942811164967277,0.416855845629966,4.14229867083659,2,883,"positive regulation of nitrogen compound metabolic process"
"368","GO:0031325",0.948399892828772,0.404240576496674,4.24081313526192,2,904,"positive regulation of cellular metabolic process"
"369","GO:0044249",0.951260784855272,0.500786163522013,8.97888975762314,6,1914,"cellular biosynthetic process"
"370","GO:1901576",0.952371628939223,0.498170412963931,9.00234558248632,6,1919,"organic substance biosynthetic process"
"371","GO:0010467",0.953678021693317,0.495049504950495,9.03049257232213,6,1925,"gene expression"
"372","GO:0010604",0.954871632090058,0.388858988159311,4.36747458952306,2,931,"positive regulation of macromolecule metabolic process"
"373","GO:0009058",0.95537539240539,0.490918526206539,9.06802189210321,6,1933,"biosynthetic process"
"374","GO:0071705",0.958182883865525,0.304683038263849,2.90383111806099,1,619,"nitrogen compound transport"
"375","GO:0009893",0.959395399087697,0.3775,4.4659890539484,2,952,"positive regulation of metabolic process"
"376","GO:0071310",0.960688867162281,0.298326007668568,2.95543393275997,1,630,"cellular response to organic substance"
"377","GO:0034645",0.964949179536247,0.453288867436044,8.2470680218921,5,1758,"cellular macromolecule biosynthetic process"
"378","GO:0009059",0.966121059261448,0.449956293706294,8.27990617670055,5,1765,"macromolecule biosynthetic process"
"379","GO:0030154",0.967648739647063,0.39858934169279,6,3,1279,"cell differentiation"
"380","GO:0071702",0.96811706624821,0.278484366719661,3.12900703674746,1,667,"organic substance transport"
"381","GO:0008104",0.970732874154905,0.271054677377559,3.19937451133698,1,682,"protein localization"
"382","GO:0070887",0.972990274885627,0.264409648751587,3.26505082095387,1,696,"cellular response to chemical stimulus"
"383","GO:0048869",0.975767716201691,0.372993248312078,6.26739640344019,3,1336,"cellular developmental process"
"384","GO:0033036",0.980016930373575,0.241908811717458,3.50899139953088,1,748,"macromolecule localization"
"385","GO:0051704",0.983538591927064,0.229185520361991,3.66379984362783,1,781,"multi-organism process"
"386","GO:0010033",0.983923200200004,0.227716086434574,3.68256450351837,1,785,"response to organic substance"
"387","GO:0006796",0.983923200200004,0.227716086434574,3.68256450351837,1,785,"phosphate-containing compound metabolic process"
"388","GO:0006793",0.984757767587014,0.224464060529634,3.72478498827209,1,794,"phosphorus metabolic process"
"389","GO:0048522",0.993327743790914,0.248825371965544,6,2,1279,"positive regulation of cellular process"
"390","GO:0007399",0.993955971866348,0.178898225957049,4.43784206411259,1,946,"nervous system development"
"391","GO:0042221",0.996714959294311,0.156975758603153,4.88819390148554,1,1042,"response to chemical"
"392","GO:0048518",0.996865307658545,0.216225875625447,6.57232212666145,2,1401,"positive regulation of biological process"
"393","GO:0006810",0.997989749863594,0.14247311827957,5.24003127443315,1,1117,"transport"
"394","GO:0051234",0.998275522107657,0.13840830449827,5.34792806880375,1,1140,"establishment of localization"
"395","GO:0051179",0.999872318775789,0.0908413998510797,7.04612978889758,1,1502,"localization"
"396","GO:1901564",0.999979710284737,0.071255832964338,8.10633307271306,1,1728,"organonitrogen compound metabolic process"
